Helaina Cunnell,hcunnell0@va.gov,Female
Wenda Teacy,wteacy1@4shared.com,Female
Fidelia Clayworth,fclayworth2@biblegateway.com,Female
Carlynne Duesbury,cduesbury3@nba.com,Female
Burton Bricknall,bbricknall4@altervista.org,Male
Liana Hearnden,lhearnden5@google.ca,Female
Richie Firby,rfirby6@si.edu,Male
Mallory Benbow,mbenbow7@adobe.com,Female
Bobbe MacKeig,bmackeig8@freewebs.com,Female
Kenon Shurrock,kshurrock9@nba.com,Male
Donny Gonnel,dgonnela@google.ca,Female
Delmor Scholtis,dscholtisb@usa.gov,Male
Anna-diana Harbach,aharbachc@domainmarket.com,Female
Eveleen Maypole,emaypoled@arizona.edu,Female
Noach Davy,ndavye@europa.eu,Male
Betsey Blakeden,bblakedenf@blinklist.com,Female
Klaus Dalziel,kdalzielg@epa.gov,Male
Josephina Riccardi,jriccardih@hc360.com,Female
Jilly Teresa,jteresai@wordpress.org,Female
Chick O'Neil,coneilj@mozilla.org,Male
Marji Eyam,meyamk@printfriendly.com,Female
Marcella Ollivier,mollivierl@sfgate.com,Female
Teressa Ygo,tygom@last.fm,Female
Marlo Stoyell,mstoyelln@pagesperso-orange.fr,Male
Roslyn Von Welden,rvonweldeno@spiegel.de,Female
Cherise Crickmore,ccrickmorep@google.it,Female
Elinor Crone,ecroneq@constantcontact.com,Female
Reinhold Utting,ruttingr@privacy.gov.au,Male
Alvan O'Skehan,aoskehans@rakuten.co.jp,Male
Sella McDirmid,smcdirmidt@google.com.au,Female
Gerrie Nasi,gnasiu@zimbio.com,Male
Isabel Kinnon,ikinnonv@cbc.ca,Female
Burnard Hickin,bhickinw@quantcast.com,Male
Yoshiko Gynne,ygynnex@reverbnation.com,Female
Dael Biasioni,dbiasioniy@telegraph.co.uk,Female
Finn Essery,fesseryz@nsw.gov.au,Male
Madella Avraham,mavraham10@ox.ac.uk,Female
Tibold Kippins,tkippins11@guardian.co.uk,Male
Georgianne Barnbrook,gbarnbrook12@devhub.com,Female
Cynthy McCudden,cmccudden13@redcross.org,Female
Sayres Greave,sgreave14@adobe.com,Male
Mariellen Vitte,mvitte15@ocn.ne.jp,Female
Jaclyn Stigers,jstigers16@omniture.com,Female
Nevins Lieb,nlieb17@mozilla.org,Male
Mychal Dumsday,mdumsday18@unblog.fr,Male
Derril Bellham,dbellham19@miibeian.gov.cn,Male
Lilias Tattam,ltattam1a@instagram.com,Female
William Bridden,wbridden1b@devhub.com,Male
Hunter Beasleigh,hbeasleigh1c@livejournal.com,Male
Shalna Westwell,swestwell1d@over-blog.com,Female
Suki Iannuzzelli,siannuzzelli1e@europa.eu,Female
Roseann Volkers,rvolkers1f@state.gov,Female
Krissy Franke,kfranke1g@vinaora.com,Female
Jobina Varfalameev,jvarfalameev1h@cnbc.com,Female
Judas Pakenham,jpakenham1i@plala.or.jp,Male
Owen Towe,otowe1j@over-blog.com,Male
Cindee Jobbins,cjobbins1k@techcrunch.com,Female
Kassey Burborough,kburborough1l@booking.com,Female
Elmore Brissenden,ebrissenden1m@nytimes.com,Male
Ame Ollivier,aollivier1n@howstuffworks.com,Female
Velma Lent,vlent1o@sbwire.com,Female
Jabez Dericut,jdericut1p@trellian.com,Male
Samaria Culshew,sculshew1q@creativecommons.org,Female
Doyle Burghall,dburghall1r@ucla.edu,Male
Jose Fanti,jfanti1s@elpais.com,Male
Lammond Stopford,lstopford1t@nyu.edu,Male
Pamela Joll,pjoll1u@tumblr.com,Female
Say Vergine,svergine1v@timesonline.co.uk,Male
Antone Carmen,acarmen1w@geocities.jp,Male
Alphard Laimable,alaimable1x@furl.net,Male
Darline Honywill,dhonywill1y@addtoany.com,Female
Bryon Klassman,bklassman1z@ovh.net,Male
Benedikta Gherardini,bgherardini20@shutterfly.com,Female
Manon Bucky,mbucky21@cisco.com,Female
Hamel Gyves,hgyves22@imageshack.us,Male
Kerby Shirer,kshirer23@shareasale.com,Male
Frieda Van de Velde,fvandevelde24@bizjournals.com,Female
Julee Keeling,jkeeling25@paginegialle.it,Female
Solomon Shakshaft,sshakshaft26@wikia.com,Male
Gilbert Spall,gspall27@cnn.com,Male
Gwendolyn Crowdy,gcrowdy28@sitemeter.com,Female
Tabbatha Swancott,tswancott29@google.com.br,Female
Jim Petrovykh,jpetrovykh2a@berkeley.edu,Male
Tadio Flounders,tflounders2b@blogger.com,Male
Armin Bramhall,abramhall2c@simplemachines.org,Male
Artus Pitkins,apitkins2d@angelfire.com,Male
Lind Sholl,lsholl2e@soundcloud.com,Female
Pegeen Leggan,pleggan2f@behance.net,Female
Almire Whifen,awhifen2g@oakley.com,Female
Putnem Yurin,pyurin2h@exblog.jp,Male
Talyah Silverton,tsilverton2i@blogger.com,Female
Aurilia Cripin,acripin2j@technorati.com,Female
Norene Kersaw,nkersaw2k@wisc.edu,Female
Denys Wroughton,dwroughton2l@epa.gov,Female
Walt Crauford,wcrauford2m@ed.gov,Male
Doreen Bartosik,dbartosik2n@skyrock.com,Female
Mellisa Gonzalvo,mgonzalvo2o@ow.ly,Female
Georgina Boughtwood,gboughtwood2p@twitter.com,Female
Elmo Eliez,eeliez2q@prweb.com,Male
Tori Corse,tcorse2r@dot.gov,Female
Clemmie Allaker,callaker2s@mapquest.com,Male
Micheil De Zuani,mdezuani2t@google.com,Male
Borden Vedikhov,bvedikhov2u@devhub.com,Male
Tomasine Nother,tnother2v@webnode.com,Female
Cammi McKnish,cmcknish2w@dedecms.com,Female
Obed Dinkin,odinkin2x@newsvine.com,Male
Luciana Linfitt,llinfitt2y@reverbnation.com,Female
Susi Wixey,swixey2z@elegantthemes.com,Female
Emyle Yeowell,eyeowell30@amazon.co.uk,Female
Kane McElmurray,kmcelmurray31@freewebs.com,Male
Tamarra Jost,tjost32@smh.com.au,Female
Saxe Weare,sweare33@weebly.com,Male
Christalle Meiklejohn,cmeiklejohn34@salon.com,Female
Damian Cansdall,dcansdall35@a8.net,Male
Dore Wherrit,dwherrit36@yellowpages.com,Male
Fiann Churches,fchurches37@tmall.com,Female
Friedrich Roiz,froiz38@dailymotion.com,Male
Cati Scutchin,cscutchin39@cloudflare.com,Female
Perren Recke,precke3a@usa.gov,Male
Claire Blinckhorne,cblinckhorne3b@shinystat.com,Male
Dexter Showell,dshowell3c@so-net.ne.jp,Male
Khalil Espinos,kespinos3d@ameblo.jp,Male
Gerek Feitosa,gfeitosa3e@free.fr,Male
Cleo Wrassell,cwrassell3f@narod.ru,Female
Harriott Spelman,hspelman3g@blogs.com,Female
Cori O'Gavin,cogavin3h@globo.com,Female
Sophronia Tayt,stayt3i@tripod.com,Female
Lorens Firpo,lfirpo3j@gravatar.com,Male
Aggie Shuttleworth,ashuttleworth3k@behance.net,Female
Olvan Wilflinger,owilflinger3l@plala.or.jp,Male
Belva Blastock,bblastock3m@trellian.com,Female
Jennica Gillions,jgillions3n@chronoengine.com,Female
Brannon Arnott,barnott3o@cnet.com,Male
Andreas Twelve,atwelve3p@squarespace.com,Male
Berkeley Keach,bkeach3q@marketwatch.com,Male
Redford Bute,rbute3r@vkontakte.ru,Male
Marlowe Ducker,mducker3s@irs.gov,Male
Hertha Dabinett,hdabinett3t@symantec.com,Female
Joline Caress,jcaress3u@china.com.cn,Female
Kate Ellin,kellin3v@domainmarket.com,Female
Nelle Wyldbore,nwyldbore3w@cdbaby.com,Female
Francyne Seaman,fseaman3x@jimdo.com,Female
Antoinette Mayers,amayers3y@utexas.edu,Female
Silvano Kahen,skahen3z@parallels.com,Male
Eadith Kingstne,ekingstne40@comcast.net,Female
Xena Sandiland,xsandiland41@imdb.com,Female
Gusty Villaron,gvillaron42@omniture.com,Female
Lettie Terren,lterren43@admin.ch,Female
Zonda Lacroix,zlacroix44@java.com,Female
Andie Pither,apither45@ed.gov,Male
Selinda Candie,scandie46@stumbleupon.com,Female
Anthony Keating,akeating47@com.com,Male
Diarmid Mixture,dmixture48@yale.edu,Male
Auguste M'Quharg,amquharg49@google.ru,Female
Gregoire Carse,gcarse4a@si.edu,Male
Gisela Eddy,geddy4b@privacy.gov.au,Female
Marilee Winchester,mwinchester4c@about.me,Female
Farrell Tomczykowski,ftomczykowski4d@walmart.com,Male
Aurel Bartels,abartels4e@amazon.de,Female
Rudy Nelthrop,rnelthrop4f@upenn.edu,Male
Thayne Hordell,thordell4g@europa.eu,Male
Reiko Cocci,rcocci4h@cbslocal.com,Female
Harv Putterill,hputterill4i@reference.com,Male
Gerhard Allsebrook,gallsebrook4j@squarespace.com,Male
Ashlin Acuna,aacuna4k@google.pl,Male
Antonin Padmore,apadmore4l@csmonitor.com,Male
Vernon Ricker,vricker4m@tripadvisor.com,Male
Annadiana Blest,ablest4n@businessweek.com,Female
Thomasina Yersin,tyersin4o@yandex.ru,Female
Kurtis Do,kdo4p@howstuffworks.com,Male
Barbee Bohlje,bbohlje4q@wunderground.com,Female
Rafaellle O'Donegan,rodonegan4r@chicagotribune.com,Male
Marie-ann Tilbury,mtilbury4s@bloglovin.com,Female
Joshuah Pardy,jpardy4t@google.nl,Male
Jess Dillaway,jdillaway4u@uol.com.br,Male
Nannette Tomaselli,ntomaselli4v@1und1.de,Female
Tallie Chaney,tchaney4w@webnode.com,Female
Anny Senechell,asenechell4x@ca.gov,Female
Maurizio Jarman,mjarman4y@qq.com,Male
Krispin Farndon,kfarndon4z@flavors.me,Male
Krishna Drever,kdrever50@csmonitor.com,Male
Dene Swain,dswain51@aol.com,Male
Pia Reinmar,preinmar52@ameblo.jp,Female
Joshua MacAlpin,jmacalpin53@mayoclinic.com,Male
Leanna Milne,lmilne54@quantcast.com,Female
Kanya Jaouen,kjaouen55@livejournal.com,Female
Ruy Rowles,rrowles56@bbc.co.uk,Male
Pauly Canete,pcanete57@yahoo.co.jp,Male
Itch Morling,imorling58@meetup.com,Male
Audrie Di Biasi,adibiasi59@google.ca,Female
Winslow Gilburt,wgilburt5a@msn.com,Male
Jsandye Mullarkey,jmullarkey5b@cnbc.com,Female
Erminia Gatty,egatty5c@pcworld.com,Female
Lance Godly,lgodly5d@businessweek.com,Male
Brittne Rutgers,brutgers5e@de.vu,Female
Kenon Scourgie,kscourgie5f@youtu.be,Male
Bella Mathis,bmathis5g@loc.gov,Female
Claiborn Simukov,csimukov5h@bizjournals.com,Male
Ethelred Cumbes,ecumbes5i@soundcloud.com,Male
Dalia Santore,dsantore5j@dedecms.com,Female
Ellene Danilchik,edanilchik5k@about.me,Female
Laurena Domesday,ldomesday5l@i2i.jp,Female
Forester Terrill,fterrill5m@surveymonkey.com,Male
Toinette Grodden,tgrodden5n@vistaprint.com,Female
Vince Brownscombe,vbrownscombe5o@hexun.com,Male
Lacy Vanichkov,lvanichkov5p@nyu.edu,Female
Omero Shoebrook,oshoebrook5q@whitehouse.gov,Male
Amalia Fruchter,afruchter5r@walmart.com,Female
Hyman Scade,hscade5s@sphinn.com,Male
Tierney Cropton,tcropton5t@google.com.br,Female
Amalita Bernardotti,abernardotti5u@meetup.com,Female
Paige Fryd,pfryd5v@jigsy.com,Male
Annice Bowell,abowell5w@tuttocitta.it,Female
Gerianna Godin,ggodin5x@addthis.com,Female
Calv De Filippi,cdefilippi5y@businessweek.com,Male
Marin Leggon,mleggon5z@psu.edu,Female
Thea Bursell,tbursell60@so-net.ne.jp,Female
Alfonse Chellam,achellam61@altervista.org,Male
Conn Fishenden,cfishenden62@stumbleupon.com,Male
Morey Lyokhin,mlyokhin63@narod.ru,Male
Neil Ricard,nricard64@icq.com,Male
Anabelle Heningham,aheningham65@google.ca,Female
Gradeigh Rupel,grupel66@sphinn.com,Male
Dulcinea Wyman,dwyman67@jimdo.com,Female
Sven Beldam,sbeldam68@dagondesign.com,Male
Antonin Chezelle,achezelle69@vk.com,Male
Fionnula Praundlin,fpraundlin6a@umn.edu,Female
Thoma McGuffie,tmcguffie6b@tuttocitta.it,Male
Giffie Ginty,gginty6c@ucoz.com,Male
Madelon Trippitt,mtrippitt6d@google.de,Female
Noam Khotler,nkhotler6e@ebay.com,Male
Shea Cathie,scathie6f@lycos.com,Male
Hadley Dangl,hdangl6g@artisteer.com,Male
Roy Casey,rcasey6h@shutterfly.com,Male
Dill Crannach,dcrannach6i@elegantthemes.com,Male
Loren Boland,lboland6j@t.co,Female
Johann Bonett,jbonett6k@joomla.org,Male
Gladys Marquiss,gmarquiss6l@huffingtonpost.com,Female
Patten Sindle,psindle6m@mail.ru,Male
Ofella Kingh,okingh6n@slate.com,Female
Phyllys Dabernott,pdabernott6o@sohu.com,Female
Desi Greeves,dgreeves6p@adobe.com,Male
Ab Gundry,agundry6q@ovh.net,Male
Bernarr Towell,btowell6r@prnewswire.com,Male
Davis Fairbourne,dfairbourne6s@addtoany.com,Male
Correna Hollyard,chollyard6t@seattletimes.com,Female
Jephthah Pieroni,jpieroni6u@sciencedirect.com,Male
Sidonnie Vignal,svignal6v@microsoft.com,Female
Henry Robinet,hrobinet6w@arizona.edu,Male
Hewett Furlonge,hfurlonge6x@github.com,Male
Nathaniel Hussey,nhussey6y@technorati.com,Male
Cord Bratchell,cbratchell6z@surveymonkey.com,Male
Dusty Yurshev,dyurshev70@netvibes.com,Female
Case Twydell,ctwydell71@toplist.cz,Male
Raimondo Bianco,rbianco72@ifeng.com,Male
Candis Sutheran,csutheran73@statcounter.com,Female
Jada Wyldes,jwyldes74@is.gd,Female
Belvia Critoph,bcritoph75@kickstarter.com,Female
Bryce Ferreo,bferreo76@elpais.com,Male
Chuck Rumke,crumke77@gmpg.org,Male
Lezley Pandey,lpandey78@dmoz.org,Male
Sonni Udden,sudden79@house.gov,Female
Kelila Shrimpling,kshrimpling7a@cnbc.com,Female
Jena Clewett,jclewett7b@yahoo.co.jp,Female
Conant Chapiro,cchapiro7c@macromedia.com,Male
Gabriel Lauderdale,glauderdale7d@msu.edu,Male
Jock How to preserve,jhowtopreserve7e@seattletimes.com,Male
Candice Lyven,clyven7f@deliciousdays.com,Female
Cami Karadzas,ckaradzas7g@odnoklassniki.ru,Female
Saul Lippini,slippini7h@prweb.com,Male
Dannye Matuszkiewicz,dmatuszkiewicz7i@123-reg.co.uk,Female
Eldin Johnsson,ejohnsson7j@com.com,Male
Rosemarie Orviss,rorviss7k@ibm.com,Female
Allissa Caulfield,acaulfield7l@themeforest.net,Female
Doralin Staten,dstaten7m@dailymail.co.uk,Female
Nappy Kares,nkares7n@intel.com,Male
Liesa Ratledge,lratledge7o@prnewswire.com,Female
Dulcea Andriveau,dandriveau7p@artisteer.com,Female
Donnell MacGiany,dmacgiany7q@lycos.com,Male
Hughie Bentall,hbentall7r@vistaprint.com,Male
Saloma Gallop,sgallop7s@pen.io,Female
Ginnie Follis,gfollis7t@msn.com,Female
Caryl Dalliston,cdalliston7u@imgur.com,Female
Nicholas Powlesland,npowlesland7v@cbslocal.com,Male
Joan Sarl,jsarl7w@clickbank.net,Female
Gabriello Sharland,gsharland7x@flickr.com,Male
Alecia Corneljes,acorneljes7y@cocolog-nifty.com,Female
Kylen Hodgin,khodgin7z@de.vu,Female
Wilow Dowrey,wdowrey80@istockphoto.com,Female
Amabelle Wark,awark81@oaic.gov.au,Female
Adrian Scotson,ascotson82@usatoday.com,Female
Cooper Mordue,cmordue83@free.fr,Male
Goldie Pendered,gpendered84@nature.com,Female
Cammy Giacaponi,cgiacaponi85@europa.eu,Female
Dionis Ollington,dollington86@princeton.edu,Female
Mufi Leisk,mleisk87@japanpost.jp,Female
Tobiah Delue,tdelue88@cbslocal.com,Male
Latisha Webling,lwebling89@opensource.org,Female
Maddalena Faye,mfaye8a@spiegel.de,Female
Finley Nuton,fnuton8b@techcrunch.com,Male
Hewet McCathay,hmccathay8c@php.net,Male
Jandy Dryburgh,jdryburgh8d@princeton.edu,Female
Kevin Highway,khighway8e@twitpic.com,Male
Arnaldo Dudliston,adudliston8f@gravatar.com,Male
Silvan Gaish,sgaish8g@usnews.com,Male
Elberta Gwilt,egwilt8h@sfgate.com,Female
Nikoletta Aneley,naneley8i@youku.com,Female
Marla Kliment,mkliment8j@sitemeter.com,Female
Meredithe Roebottom,mroebottom8k@thetimes.co.uk,Female
Maury Hounsom,mhounsom8l@ycombinator.com,Male
Eleen Ribbon,eribbon8m@artisteer.com,Female
Myranda Artois,martois8n@weibo.com,Female
Ilsa Szwandt,iszwandt8o@smh.com.au,Female
Franny Nardoni,fnardoni8p@wired.com,Female
Suzie McKern,smckern8q@ezinearticles.com,Female
Gussie Lyman,glyman8r@phoca.cz,Female
Dottie Wyrill,dwyrill8s@hatena.ne.jp,Female
Hillie Pycock,hpycock8t@usgs.gov,Male
Elmore Heggs,eheggs8u@aboutads.info,Male
Damara Guyot,dguyot8v@google.es,Female
Thorpe Kitley,tkitley8w@google.de,Male
Almeria Klugel,aklugel8x@bigcartel.com,Female
Antonio McGuire,amcguire8y@topsy.com,Male
Stacia Whitnell,swhitnell8z@soup.io,Female
Benedicta Newvell,bnewvell90@macromedia.com,Female
Adrianne Looney,alooney91@indiegogo.com,Female
Susan Gutowska,sgutowska92@bigcartel.com,Female
Maryjo Shelton,mshelton93@tmall.com,Female
Alexandros Pawel,apawel94@goo.ne.jp,Male
Caitrin Darrigrand,cdarrigrand95@flavors.me,Female
Joseph Titchener,jtitchener96@imgur.com,Male
Ric Trevain,rtrevain97@eventbrite.com,Male
Nickola McElrath,nmcelrath98@purevolume.com,Male
Hazel Provest,hprovest99@nps.gov,Male
Etienne MacAnellye,emacanellye9a@webmd.com,Male
Lowell Askam,laskam9b@forbes.com,Male
Dode Quibell,dquibell9c@instagram.com,Female
Ainslie Simoens,asimoens9d@narod.ru,Female
Thornie Tansill,ttansill9e@fda.gov,Male
Niels Clearie,nclearie9f@posterous.com,Male
Hannie Braddon,hbraddon9g@163.com,Female
Muriel Elliston,melliston9h@i2i.jp,Female
Beverlee Spurden,bspurden9i@jimdo.com,Female
Courtnay Mullins,cmullins9j@weather.com,Male
Justis Southerns,jsoutherns9k@photobucket.com,Male
Allister Asprey,aasprey9l@nih.gov,Male
Stacee Napton,snapton9m@naver.com,Female
Kristan Simcox,ksimcox9n@i2i.jp,Female
Leshia Twamley,ltwamley9o@senate.gov,Female
Clarance Kitteringham,ckitteringham9p@dell.com,Male
Nelle Carren,ncarren9q@mlb.com,Female
Burl Spondley,bspondley9r@huffingtonpost.com,Male
Modestine Livesey,mlivesey9s@berkeley.edu,Female
Araldo Konneke,akonneke9t@tuttocitta.it,Male
Willamina Lugsdin,wlugsdin9u@businessinsider.com,Female
Marin Balfe,mbalfe9v@nationalgeographic.com,Female
Gabriele Marzellano,gmarzellano9w@eventbrite.com,Male
Valeria Hixson,vhixson9x@marketwatch.com,Female
Madeleine Kolyagin,mkolyagin9y@weather.com,Female
Tymon Jiroutek,tjiroutek9z@loc.gov,Male
Brandtr Gatherell,bgatherella0@blogtalkradio.com,Male
Betta Mecchi,bmecchia1@tamu.edu,Female
Josey Ivan,jivana2@intel.com,Female
Clifford Etienne,cetiennea3@sakura.ne.jp,Male
Alfy Albany,aalbanya4@census.gov,Male
Taber Gratrix,tgratrixa5@google.co.jp,Male
Clement Gaggen,cgaggena6@list-manage.com,Male
Skell Chess,schessa7@theatlantic.com,Male
Jamaal Georgiades,jgeorgiadesa8@elpais.com,Male
Adina Nardrup,anardrupa9@springer.com,Female
Krystle Hurley,khurleyaa@tamu.edu,Female
Annaliese Mendes,amendesab@unc.edu,Female
Lynnea Ketley,lketleyac@ucoz.ru,Female
Shandeigh Walburn,swalburnad@senate.gov,Female
Val Denis,vdenisae@state.tx.us,Male
Octavia Chaddock,ochaddockaf@skyrock.com,Female
Aubrette Dillon,adillonag@paypal.com,Female
Miner Limpertz,mlimpertzah@com.com,Male
Barb Proven,bprovenai@ycombinator.com,Female
Adel Wederell,awederellaj@shop-pro.jp,Female
Cordey Wildor,cwildorak@cpanel.net,Female
Abelard Lobb,alobbal@stumbleupon.com,Male
Jeromy Farrear,jfarrearam@spiegel.de,Male
Darryl Laviste,dlavistean@china.com.cn,Male
Hephzibah Eliesco,heliescoao@gmpg.org,Female
Audi Killock,akillockap@harvard.edu,Female
Merissa Cowing,mcowingaq@mayoclinic.com,Female
Hoebart D'Souza,hdsouzaar@harvard.edu,Male
Bear Polye,bpolyeas@bravesites.com,Male
Licha Gaenor,lgaenorat@sfgate.com,Female
Dilly Novichenko,dnovichenkoau@reference.com,Male
Stephanus Swannick,sswannickav@facebook.com,Male
Meryl Margarson,mmargarsonaw@irs.gov,Male
Pippa McAree,pmcareeax@npr.org,Female
Adriano de Tocqueville,adetocquevilleay@de.vu,Male
Pancho Guilder,pguilderaz@businessweek.com,Male
Valerie Hullah,vhullahb0@blogger.com,Female
Leigh Macauley,lmacauleyb1@va.gov,Female
Waylan Curlis,wcurlisb2@zdnet.com,Male
Catherin Ryce,cryceb3@illinois.edu,Female
Felipe Korb,fkorbb4@github.io,Male
Yule Rosiello,yrosiellob5@upenn.edu,Male
Merell Wymer,mwymerb6@nydailynews.com,Male
Chaunce Northam,cnorthamb7@phoca.cz,Male
Pietra Curwood,pcurwoodb8@yahoo.co.jp,Female
Vinny Berringer,vberringerb9@house.gov,Female
Georges Staning,gstaningba@purevolume.com,Male
Boyd Sandeland,bsandelandbb@gov.uk,Male
Marmaduke Atyeo,matyeobc@forbes.com,Male
Vanna Thorn,vthornbd@4shared.com,Female
Ronalda Crookes,rcrookesbe@abc.net.au,Female
Dinah Saltman,dsaltmanbf@google.it,Female
Esme Dupoy,edupoybg@cloudflare.com,Female
Udale Fontanet,ufontanetbh@elegantthemes.com,Male
Carter Tumioto,ctumiotobi@sogou.com,Male
Cris Longo,clongobj@barnesandnoble.com,Female
Nada Marzella,nmarzellabk@livejournal.com,Female
Carlyn Touhig,ctouhigbl@scribd.com,Female
Natale Manuely,nmanuelybm@huffingtonpost.com,Male
Gregoor Yong,gyongbn@shareasale.com,Male
Davy Clementet,dclementetbo@hostgator.com,Male
George Leebeter,gleebeterbp@wordpress.org,Female
Cicely Youdell,cyoudellbq@fotki.com,Female
Lonna Canwell,lcanwellbr@vimeo.com,Female
Odessa Finker,ofinkerbs@issuu.com,Female
Anatole Pirie,apiriebt@columbia.edu,Male
Marianne Jakobssen,mjakobssenbu@123-reg.co.uk,Female
Kimmy Aitchison,kaitchisonbv@archive.org,Female
Muffin Noseworthy,mnoseworthybw@amazon.co.uk,Male
Pall Daldan,pdaldanbx@house.gov,Male
Betti Healy,bhealyby@gov.uk,Female
Vaughn Chazelas,vchazelasbz@ted.com,Male
Elmo Pantridge,epantridgec0@nyu.edu,Male
Poul Johananov,pjohananovc1@g.co,Male
Georas Orton,gortonc2@stanford.edu,Male
Richmond Causer,rcauserc3@usatoday.com,Male
Wang Samms,wsammsc4@reddit.com,Male
Hardy Callaghan,hcallaghanc5@illinois.edu,Male
Dulciana McComiskey,dmccomiskeyc6@blogspot.com,Female
Sunshine Skedgell,sskedgellc7@e-recht24.de,Female
Obadias Polo,opoloc8@uiuc.edu,Male
Ellerey Middlemiss,emiddlemissc9@theguardian.com,Male
Roslyn Schoffel,rschoffelca@nsw.gov.au,Female
Shelby Line,slinecb@google.ru,Male
Ardyth Sijmons,asijmonscc@prlog.org,Female
Vevay Shippam,vshippamcd@github.com,Female
Alethea MacGillacolm,amacgillacolmce@usa.gov,Female
Jorrie Vasiliu,jvasiliucf@mashable.com,Female
Katrine Lammin,klammincg@4shared.com,Female
Gerrie Morley,gmorleych@nps.gov,Male
Jules Eddow,jeddowci@wired.com,Male
Anna-maria Patrone,apatronecj@godaddy.com,Female
Leoine Crilly,lcrillyck@sphinn.com,Female
Mathilde Gillions,mgillionscl@networkadvertising.org,Female
Eba Fargher,efarghercm@wufoo.com,Female
Ardith Hoult,ahoultcn@mapy.cz,Female
Krystle Abels,kabelsco@google.ca,Female
Hurley Dunniom,hdunniomcp@indiegogo.com,Male
Jeanne Khalid,jkhalidcq@techcrunch.com,Female
Micah Shirley,mshirleycr@aboutads.info,Male
Arleen Cicchinelli,acicchinellics@salon.com,Female
Morganne Boulstridge,mboulstridgect@msn.com,Female
Sindee Iiannoni,siiannonicu@amazon.de,Female
Clevie Sline,cslinecv@usgs.gov,Male
Marys Corssen,mcorssencw@cisco.com,Female
Arther Chapling,achaplingcx@npr.org,Male
Faythe Messent,fmessentcy@yandex.ru,Female
Padraic Tallent,ptallentcz@cafepress.com,Male
Karalee Mawdsley,kmawdsleyd0@blogspot.com,Female
Jody Brasener,jbrasenerd1@oracle.com,Male
Fernando Cron,fcrond2@blogs.com,Male
Janella McCrossan,jmccrossand3@boston.com,Female
Kris Kitteringham,kkitteringhamd4@tinyurl.com,Male
Cassandra Sherwyn,csherwynd5@nps.gov,Female
Carrissa Gladdolph,cgladdolphd6@bigcartel.com,Female
Konstanze O'Shirine,koshirined7@salon.com,Female
Bent Dawdry,bdawdryd8@wired.com,Male
Harri Dyshart,hdyshartd9@ucsd.edu,Female
Thaddeus Sargant,tsargantda@mayoclinic.com,Male
Alvin Jeandeau,ajeandeaudb@theglobeandmail.com,Male
Roxine Fotitt,rfotittdc@dailymail.co.uk,Female
Valli Rosenshine,vrosenshinedd@samsung.com,Female
Lynette Kieran,lkierande@photobucket.com,Female
Ainslee Milam,amilamdf@bbb.org,Female
Gale L'Episcopi,glepiscopidg@netvibes.com,Female
Darcy Minero,dminerodh@comsenz.com,Female
Norman Algar,nalgardi@ameblo.jp,Male
Carree Millsom,cmillsomdj@bing.com,Female
Ailene Dibnah,adibnahdk@arstechnica.com,Female
Concordia Whittaker,cwhittakerdl@umn.edu,Female
Bordy Newlands,bnewlandsdm@economist.com,Male
Had Hedderly,hhedderlydn@harvard.edu,Male
Margalit Triebner,mtriebnerdo@delicious.com,Female
Buiron Shay,bshaydp@networksolutions.com,Male
Decca Tweedlie,dtweedliedq@storify.com,Male
Saw Clowsley,sclowsleydr@printfriendly.com,Male
Arabelle MacCawley,amaccawleyds@bbc.co.uk,Female
Adolf Pallin,apallindt@chicagotribune.com,Male
Adelle Shimuk,ashimukdu@hibu.com,Female
Gardy O'Crowley,gocrowleydv@taobao.com,Male
Fleur Cagan,fcagandw@ebay.co.uk,Female
Krystalle Czaple,kczapledx@liveinternet.ru,Female
Tades Gilfoy,tgilfoydy@smh.com.au,Male
Pru Skiggs,pskiggsdz@sitemeter.com,Female
Georgie Warbey,gwarbeye0@google.co.jp,Female
Harvey Alessandretti,halessandrettie1@aol.com,Male
Aurthur Caesman,acaesmane2@cyberchimps.com,Male
Raymond Lorenzetti,rlorenzettie3@dailymotion.com,Male
Alexandr Simanek,asimaneke4@nyu.edu,Male
Melisandra Veregan,mveregane5@360.cn,Female
Ermengarde Begg,ebegge6@omniture.com,Female
Zak Plastow,zplastowe7@china.com.cn,Male
Zitella Thompkins,zthompkinse8@diigo.com,Female
Chilton Bottini,cbottinie9@sphinn.com,Male
Kelley Madine,kmadineea@forbes.com,Male
Aldridge Thorald,athoraldeb@com.com,Male
Galvan Rawls,grawlsec@hatena.ne.jp,Male
Christoforo Rapkins,crapkinsed@ning.com,Male
Dorolisa Jurkowski,djurkowskiee@list-manage.com,Female
Dieter Fussell,dfussellef@google.nl,Male
Padriac Minghi,pminghieg@skype.com,Male
Tedmund Vasechkin,tvasechkineh@ustream.tv,Male
Rock Alonso,ralonsoei@buzzfeed.com,Male
Dean Grain,dgrainej@samsung.com,Male
Joanne Haselup,jhaselupek@noaa.gov,Female
Olga Breslane,obreslaneel@odnoklassniki.ru,Female
Caspar Cockling,ccocklingem@topsy.com,Male
Weston Brake,wbrakeen@thetimes.co.uk,Male
Brok Eble,bebleeo@blog.com,Male
Grace Bartosinski,gbartosinskiep@oaic.gov.au,Female
Maddy McCrea,mmccreaeq@jimdo.com,Male
Alexi Toolin,atooliner@ehow.com,Female
Felicia Line,flinees@businessinsider.com,Female
Marjorie Dallemore,mdallemoreet@deviantart.com,Female
Georgine Benasik,gbenasikeu@nbcnews.com,Female
Roosevelt Steinson,rsteinsonev@census.gov,Male
Gram Clibbery,gclibberyew@indiatimes.com,Male
Oralie Heighton,oheightonex@ehow.com,Female
Binni Feldstein,bfeldsteiney@who.int,Female
Rossy McLennan,rmclennanez@linkedin.com,Male
Elysee Columbine,ecolumbinef0@multiply.com,Female
Davis Monnelly,dmonnellyf1@imgur.com,Male
Angelico Kinneir,akinneirf2@zdnet.com,Male
Regen Bairstow,rbairstowf3@yahoo.co.jp,Male
Lethia Vasnev,lvasnevf4@npr.org,Female
Benoit Orum,borumf5@examiner.com,Male
Cally Lewis,clewisf6@oracle.com,Female
Hilary Seeley,hseeleyf7@reddit.com,Female
Sharia Roote,srootef8@joomla.org,Female
Amargo Scolding,ascoldingf9@elpais.com,Female
Bellina Naden,bnadenfa@networkadvertising.org,Female
Thayne Coupe,tcoupefb@bbc.co.uk,Male
Tabby Bohan,tbohanfc@army.mil,Female
Dorie Episcopio,depiscopiofd@microsoft.com,Male
Janet Joyes,jjoyesfe@ifeng.com,Female
Pablo Skydall,pskydallff@blogs.com,Male
Baillie Scourgie,bscourgiefg@theatlantic.com,Male
Sandor Stollard,sstollardfh@creativecommons.org,Male
Nolan Smerdon,nsmerdonfi@cdc.gov,Male
Antonin Gery,ageryfj@yelp.com,Male
Rolando Cocklin,rcocklinfk@fda.gov,Male
Benedicta Awdry,bawdryfl@quantcast.com,Female
Dick Parades,dparadesfm@techcrunch.com,Male
Waly Derbyshire,wderbyshirefn@vimeo.com,Female
Nert Joyner,njoynerfo@prnewswire.com,Female
Olly Fandrich,ofandrichfp@merriam-webster.com,Male
Hetti Elstone,helstonefq@va.gov,Female
Lyndy Gilling,lgillingfr@hp.com,Female
Brandy Bateson,bbatesonfs@answers.com,Female
Town Sinkins,tsinkinsft@scribd.com,Male
Ken McReath,kmcreathfu@purevolume.com,Male
Darell Domoney,ddomoneyfv@e-recht24.de,Female
Mattias Rucklidge,mrucklidgefw@hc360.com,Male
Urban Croci,ucrocifx@buzzfeed.com,Male
Clark O'Sirin,cosirinfy@ucoz.com,Male
Marten Harradence,mharradencefz@smugmug.com,Male
Darsey Kelk,dkelkg0@smugmug.com,Female
Norean Horlick,nhorlickg1@list-manage.com,Female
De Rosenfarb,drosenfarbg2@huffingtonpost.com,Female
Sheena Riolfi,sriolfig3@meetup.com,Female
Alfy Skittrall,askittrallg4@chronoengine.com,Male
Vanni Oag,voagg5@un.org,Female
Annie Mathey,amatheyg6@mozilla.com,Female
Johna Winstone,jwinstoneg7@oakley.com,Female
Lari Cauldwell,lcauldwellg8@newyorker.com,Female
Aldon Balwin,abalwing9@skype.com,Male
Zondra Luckcock,zluckcockga@deviantart.com,Female
Oralle Walliker,owallikergb@liveinternet.ru,Female
Jeannette Gutteridge,jgutteridgegc@weebly.com,Female
Leeanne Poel,lpoelgd@furl.net,Female
Jermain Dwelly,jdwellyge@youtu.be,Male
Mair Tatem,mtatemgf@over-blog.com,Female
Arvin Cheater,acheatergg@freewebs.com,Male
Zulema Condict,zcondictgh@accuweather.com,Female
Deeyn Critch,dcritchgi@multiply.com,Female
Lacee Frow,lfrowgj@imageshack.us,Female
Roderick Boulsher,rboulshergk@cyberchimps.com,Male
Benson Whiteley,bwhiteleygl@seesaa.net,Male
Carmelita Kobu,ckobugm@flavors.me,Female
Nikki Ducrow,nducrowgn@abc.net.au,Male
Law Jervoise,ljervoisego@posterous.com,Male
Hedda Bamfield,hbamfieldgp@drupal.org,Female
Franky Winspeare,fwinspearegq@berkeley.edu,Male
Kim Dikle,kdiklegr@digg.com,Female
Charmain Kobieriecki,ckobierieckigs@zimbio.com,Female
Guillaume Rymill,grymillgt@geocities.jp,Male
Puff Brandreth,pbrandrethgu@people.com.cn,Male
Ede Egel,eegelgv@miitbeian.gov.cn,Female
Jordana Edensor,jedensorgw@histats.com,Female
Gaspard Meates,gmeatesgx@naver.com,Male
Anabella Gooders,agoodersgy@mashable.com,Female
Sarajane Brimblecombe,sbrimblecombegz@census.gov,Female
Allys Saint,asainth0@microsoft.com,Female
Shaine Tuxsell,stuxsellh1@wikimedia.org,Male
Pascal Roe,proeh2@psu.edu,Male
Kaiser Theriot,ktherioth3@cnet.com,Male
Kate Fancet,kfanceth4@chronoengine.com,Female
Kassey Bolzmann,kbolzmannh5@ning.com,Female
Woody Cescoti,wcescotih6@amazon.co.uk,Male
Ruthie Stailey,rstaileyh7@ocn.ne.jp,Female
Neely Verson,nversonh8@lycos.com,Female
Aleece Slopier,aslopierh9@twitpic.com,Female
Ronnica Komorowski,rkomorowskiha@fc2.com,Female
Aile Veillard,aveillardhb@vkontakte.ru,Female
Amity Gower,agowerhc@craigslist.org,Female
Charlena Birkmyr,cbirkmyrhd@techcrunch.com,Female
Dexter Ell,dellhe@fc2.com,Male
Tedd Roscamps,troscampshf@discovery.com,Male
Fredia Martine,fmartinehg@slashdot.org,Female
Sharlene Dur,sdurhh@pen.io,Female
Micheal Fennelly,mfennellyhi@twitpic.com,Male
Jamaal Dacre,jdacrehj@joomla.org,Male
Spense Waterson,swatersonhk@theatlantic.com,Male
Dulcine Brimley,dbrimleyhl@nature.com,Female
Lizabeth Kondratenya,lkondratenyahm@engadget.com,Female
Gracie Stollenbecker,gstollenbeckerhn@omniture.com,Female
Gard Satchel,gsatchelho@angelfire.com,Male
Kimberlyn Levesque,klevesquehp@answers.com,Female
Stephannie Francesco,sfrancescohq@ft.com,Female
Culley Coyett,ccoyetthr@seesaa.net,Male
Dehlia Scandred,dscandredhs@symantec.com,Female
Margot Giacomuzzo,mgiacomuzzoht@edublogs.org,Female
Maynard Cleveland,mclevelandhu@1688.com,Male
Reinaldos Reisen,rreisenhv@flavors.me,Male
Gerhardt Coleridge,gcoleridgehw@deviantart.com,Male
Poppy Juster,pjusterhx@fema.gov,Female
Trace Crayden,tcraydenhy@aboutads.info,Male
Irma Tollemache,itollemachehz@dropbox.com,Female
Colby Hastler,chastleri0@umich.edu,Male
Tye Braunfeld,tbraunfeldi1@scribd.com,Male
Vevay Wattisham,vwattishami2@google.com.hk,Female
Gregor Castanie,gcastaniei3@drupal.org,Male
Allys Duffield,aduffieldi4@ocn.ne.jp,Female
Vernon Deerr,vdeerri5@ovh.net,Male
Rance Pendle,rpendlei6@msu.edu,Male
Feliza Khomin,fkhomini7@pcworld.com,Female
Ginni Dackombe,gdackombei8@army.mil,Female
Ruthi Heake,rheakei9@skyrock.com,Female
Cory Neiland,cneilandia@mashable.com,Male
Noemi Quaife,nquaifeib@cloudflare.com,Female
Catina Olney,colneyic@dyndns.org,Female
Sula Robinet,srobinetid@indiegogo.com,Female
Misti Shelton,msheltonie@japanpost.jp,Female
Candide Leftley,cleftleyif@weebly.com,Female
Minne Asker,maskerig@theguardian.com,Female
Dulcea Delagua,ddelaguaih@utexas.edu,Female
Monica Lintin,mlintinii@army.mil,Female
Rafaello Shimmings,rshimmingsij@flavors.me,Male
Kevin Walsh,kwalshik@cam.ac.uk,Male
Jared Tames,jtamesil@upenn.edu,Male
Lorie Iceton,licetonim@weather.com,Female
Melamie Sidlow,msidlowin@reverbnation.com,Female
Zena Ratazzi,zratazziio@drupal.org,Female
Trip Brammer,tbrammerip@google.com.au,Male
Rodrigo Tease,rteaseiq@prlog.org,Male
Siffre Lightwing,slightwingir@dell.com,Male
Pippy Phair,pphairis@goodreads.com,Female
Osbert Shimwall,oshimwallit@jalbum.net,Male
Slade Klewi,sklewiiu@slideshare.net,Male
Beth Lydiard,blydiardiv@artisteer.com,Female
Alicea Garr,agarriw@columbia.edu,Female
Ranna Garrat,rgarratix@eventbrite.com,Female
Jay Scotchmur,jscotchmuriy@dailymotion.com,Male
Viola Yakuntsov,vyakuntsoviz@google.it,Female
Gwyn Whatman,gwhatmanj0@naver.com,Female
Adria Faich,afaichj1@ox.ac.uk,Female
Thom Frances,tfrancesj2@phoca.cz,Male
Hernando Marmon,hmarmonj3@ustream.tv,Male
Aryn Ivanikhin,aivanikhinj4@sun.com,Female
Drusilla Blonden,dblondenj5@seattletimes.com,Female
Hebert Hanmore,hhanmorej6@bbb.org,Male
Cherianne Schult,cschultj7@eepurl.com,Female
Padriac Dimitrov,pdimitrovj8@dyndns.org,Male
Melvyn Rolfe,mrolfej9@nymag.com,Male
Georgianna Jinkins,gjinkinsja@eventbrite.com,Female
Marsha Phillipson,mphillipsonjb@yellowbook.com,Female
Row Memmory,rmemmoryjc@ifeng.com,Female
Binky Voice,bvoicejd@sciencedaily.com,Male
Parry Wardrop,pwardropje@histats.com,Male
Nicolina Clixby,nclixbyjf@cdbaby.com,Female
Farrand Vise,fvisejg@bigcartel.com,Female
Delmer MacCallister,dmaccallisterjh@mlb.com,Male
Xavier Lockwood,xlockwoodji@ask.com,Male
Stepha Daborne,sdabornejj@studiopress.com,Female
Ernaline Hulmes,ehulmesjk@sina.com.cn,Female
Anatollo Hansbury,ahansburyjl@statcounter.com,Male
Lora Bottby,lbottbyjm@stumbleupon.com,Female
Marilee Cereceres,mcereceresjn@apple.com,Female
Rich Chanson,rchansonjo@bandcamp.com,Male
Sutherland Hanhardt,shanhardtjp@vistaprint.com,Male
Batholomew Scotchforth,bscotchforthjq@intel.com,Male
Kerry Credland,kcredlandjr@github.io,Male
Gaelan Bridger,gbridgerjs@topsy.com,Male
Booth Pahlsson,bpahlssonjt@php.net,Male
Paul Dartnell,pdartnellju@cafepress.com,Male
Leona Lude,lludejv@shop-pro.jp,Female
Seymour Torfin,storfinjw@sphinn.com,Male
Jonell Stileman,jstilemanjx@friendfeed.com,Female
Floyd Bayliss,fbaylissjy@hao123.com,Male
Dolli Glenny,dglennyjz@netlog.com,Female
Winifield Carlson,wcarlsonk0@baidu.com,Male
Gil Heis,gheisk1@friendfeed.com,Male
Cookie Bulcroft,cbulcroftk2@cyberchimps.com,Female
Evelin Abthorpe,eabthorpek3@unc.edu,Male
Caldwell Ledur,cledurk4@youku.com,Male
Benton Doreward,bdorewardk5@people.com.cn,Male
Alix Jarvis,ajarvisk6@craigslist.org,Female
Albertina Hewlings,ahewlingsk7@toplist.cz,Female
Humfrid Jenken,hjenkenk8@e-recht24.de,Male
Cosmo Ausiello,causiellok9@state.tx.us,Male
Grantham Frotton,gfrottonka@com.com,Male
Candida Grandin,cgrandinkb@netscape.com,Female
Gwenni Sallows,gsallowskc@sourceforge.net,Female
Goldia Gascoyen,ggascoyenkd@nbcnews.com,Female
Wilmer Challenor,wchallenorke@shareasale.com,Male
Farlee Ramos,framoskf@statcounter.com,Male
Torie Jaan,tjaankg@imdb.com,Female
Shani Iamittii,siamittiikh@telegraph.co.uk,Female
Carlynne Tomisch,ctomischki@dell.com,Female
Gerick Clemendot,gclemendotkj@nsw.gov.au,Male
Cathrin Sutch,csutchkk@biglobe.ne.jp,Female
Carlen Cakes,ccakeskl@examiner.com,Female
Wally Swalowe,wswalowekm@mtv.com,Female
Karie Aldritt,kaldrittkn@google.ru,Female
Jan Shimuk,jshimukko@businessweek.com,Female
Che Eloi,celoikp@vkontakte.ru,Male
Selia Waterson,swatersonkq@hhs.gov,Female
Dirk Churchlow,dchurchlowkr@webeden.co.uk,Male
Vanny Joffe,vjoffeks@skype.com,Female
Viviana Culmer,vculmerkt@alibaba.com,Female
Pris Tapner,ptapnerku@reddit.com,Female
Cosmo Duxbarry,cduxbarrykv@theguardian.com,Male
Mella Angier,mangierkw@dailymotion.com,Female
Hillel Serraillier,hserraillierkx@mashable.com,Male
Gerrard Torricina,gtorricinaky@wunderground.com,Male
Sibilla Phinnis,sphinniskz@vkontakte.ru,Female
Isaac Yanyushkin,iyanyushkinl0@amazonaws.com,Male
Loydie Meharg,lmehargl1@microsoft.com,Male
Lauryn Kelso,lkelsol2@newsvine.com,Female
Britte McIlharga,bmcilhargal3@comsenz.com,Female
Jedidiah Toal,jtoall4@usa.gov,Male
Melisse Howie,mhowiel5@ucla.edu,Female
Talia Dillway,tdillwayl6@webmd.com,Female
Gregory Gallahue,ggallahuel7@eepurl.com,Male
Faythe Mar,fmarl8@a8.net,Female
Jenilee Senyard,jsenyardl9@sbwire.com,Female
Emery Philson,ephilsonla@w3.org,Male
Leona Pybus,lpybuslb@netscape.com,Female
Doralynn Battie,dbattielc@imgur.com,Female
Romona Embery,remberyld@accuweather.com,Female
Caro Darbon,cdarbonle@cbsnews.com,Female
Yehudit Elven,yelvenlf@fotki.com,Male
Zelig Ashness,zashnesslg@cisco.com,Male
Jamesy Foxten,jfoxtenlh@gov.uk,Male
Darrin Brise,dbriseli@drupal.org,Male
Axel Drewes,adreweslj@paginegialle.it,Male
Linoel Saltsberg,lsaltsberglk@discovery.com,Male
Becki Rylatt,brylattll@zimbio.com,Female
Veronike Vasler,vvaslerlm@bravesites.com,Female
Shawn Parlett,sparlettln@hc360.com,Male
Graham Dendon,gdendonlo@samsung.com,Male
Zach Gainforth,zgainforthlp@engadget.com,Male
Margette Clayden,mclaydenlq@usnews.com,Female
Tommy Ivanov,tivanovlr@tumblr.com,Male
Brittaney Akitt,bakittls@answers.com,Female
Lucais Witton,lwittonlt@yahoo.com,Male
Mair Schade,mschadelu@kickstarter.com,Female
Ewart Barlace,ebarlacelv@ed.gov,Male
Rose Lugsdin,rlugsdinlw@xrea.com,Female
Yvonne Rucklidge,yrucklidgelx@usa.gov,Female
Aldous Finnie,afinniely@dell.com,Male
Tiff Headington,theadingtonlz@vkontakte.ru,Female
Delinda Holton,dholtonm0@ezinearticles.com,Female
Evered Vigar,evigarm1@foxnews.com,Male
Kiel Cunnane,kcunnanem2@vimeo.com,Male
Kendricks Hewertson,khewertsonm3@merriam-webster.com,Male
Darill Leece,dleecem4@state.tx.us,Male
Shell Borsi,sborsim5@moonfruit.com,Female
Clemens Campana,ccampanam6@nasa.gov,Male
Arin Brasher,abrasherm7@google.com.br,Male
Valencia Llewhellin,vllewhellinm8@nasa.gov,Female
Illa Kubasek,ikubasekm9@narod.ru,Female
Der Alty,daltyma@constantcontact.com,Male
Fredek Raven,fravenmb@quantcast.com,Male
Armando Simmill,asimmillmc@state.tx.us,Male
Joana Billingham,jbillinghammd@prweb.com,Female
Riannon Simmonett,rsimmonettme@chicagotribune.com,Female
Mendel Tocque,mtocquemf@ft.com,Male
Lillian Keighley,lkeighleymg@paginegialle.it,Female
Isabel Neal,inealmh@irs.gov,Female
Chicky Hardson,chardsonmi@cnn.com,Female
Norry Eskriet,neskrietmj@mtv.com,Female
Niall Freestone,nfreestonemk@plala.or.jp,Male
Marlo Landrick,mlandrickml@wikimedia.org,Male
Netty Ragbourne,nragbournemm@cocolog-nifty.com,Female
Nerissa Simkovitz,nsimkovitzmn@google.co.jp,Female
Shea Longstreeth,slongstreethmo@mysql.com,Female
Hetty Farris,hfarrismp@gizmodo.com,Female
Trista Fairlem,tfairlemmq@eepurl.com,Female
Kurtis Foxten,kfoxtenmr@yellowbook.com,Male
Martie Cains,mcainsms@issuu.com,Female
Licha Picheford,lpichefordmt@merriam-webster.com,Female
Ingeberg Tolfrey,itolfreymu@homestead.com,Female
Ritchie Gibling,rgiblingmv@youtu.be,Male
Hubey Casarili,hcasarilimw@freewebs.com,Male
Ker Oakland,koaklandmx@archive.org,Male
Jon Fatkin,jfatkinmy@acquirethisname.com,Male
Daune Steventon,dsteventonmz@newyorker.com,Female
Glynis Christiensen,gchristiensenn0@mozilla.com,Female
Jeanie Kynnd,jkynndn1@yellowpages.com,Female
Janifer Ehrat,jehratn2@wikimedia.org,Female
Tessa Pitbladdo,tpitbladdon3@exblog.jp,Female
Jud Aveson,javesonn4@bloglovin.com,Male
Conway Thoms,cthomsn5@dot.gov,Male
Man Welden,mweldenn6@vimeo.com,Male
Pierre Warbrick,pwarbrickn7@free.fr,Male
Winonah Kretschmer,wkretschmern8@amazon.co.uk,Female
Ofilia Morman,omormann9@imageshack.us,Female
Sibylle Schoenleiter,sschoenleiterna@geocities.jp,Female
Bernadine Janouch,bjanouchnb@wikispaces.com,Female
Stefa Willis,swillisnc@businessweek.com,Female
Darbie Jeanesson,djeanessonnd@odnoklassniki.ru,Female
Josephine Peiser,jpeiserne@techcrunch.com,Female
Felicia Osler,foslernf@google.it,Female
Cherin Youthed,cyouthedng@ezinearticles.com,Female
Herbie Stansbie,hstansbienh@globo.com,Male
Berny Gaffney,bgaffneyni@zimbio.com,Male
Nelia Dulwich,ndulwichnj@msu.edu,Female
Marlane Teather,mteathernk@bbc.co.uk,Female
Fabe Suddards,fsuddardsnl@naver.com,Male
Elsa Spadaro,espadaronm@tuttocitta.it,Female
Mia Pulhoster,mpulhosternn@redcross.org,Female
Pietro Bruggen,pbruggenno@zdnet.com,Male
Shermy Monkman,smonkmannp@discuz.net,Male
Arty Bennike,abennikenq@sohu.com,Male
Mackenzie Occleshaw,moccleshawnr@ucoz.com,Male
Christoforo Cominotti,ccominottins@sphinn.com,Male
Fredek Burehill,fburehillnt@t-online.de,Male
Tedmund Martyn,tmartynnu@wisc.edu,Male
Frankie Foot,ffootnv@cbslocal.com,Female
Huberto Trillow,htrillownw@theguardian.com,Male
Bryna O'Caine,bocainenx@gravatar.com,Female
Myrtie Vasishchev,mvasishchevny@icq.com,Female
Almire Galler,agallernz@xrea.com,Female
Bernette Pozer,bpozero0@wikispaces.com,Female
Elbert Duckerin,educkerino1@unicef.org,Male
Doreen Dragonette,ddragonetteo2@desdev.cn,Female
Angeline Carstairs,acarstairso3@amazon.co.uk,Female
Kathi Domingues,kdomingueso4@vkontakte.ru,Female
Meryl Nutkin,mnutkino5@hatena.ne.jp,Female
Julienne Paiton,jpaitono6@parallels.com,Female
Gabbie Crosseland,gcrosselando7@nsw.gov.au,Female
Cary Ansill,cansillo8@china.com.cn,Male
Gaspard Killough,gkillougho9@fda.gov,Male
Shea Malloy,smalloyoa@google.com.hk,Male
Margeaux Whylie,mwhylieob@ft.com,Female
Cthrine Fawdry,cfawdryoc@yellowbook.com,Female
Livvie Yannikov,lyannikovod@sbwire.com,Female
Vaclav Quixley,vquixleyoe@senate.gov,Male
Milena Riccardini,mriccardiniof@imageshack.us,Female
Andi Betham,abethamog@smugmug.com,Female
Giordano Waterdrinker,gwaterdrinkeroh@hugedomains.com,Male
Evangelina Nelius,eneliusoi@ehow.com,Female
Yard von Hagt,yvonhagtoj@hatena.ne.jp,Male
Alex Hallihan,ahallihanok@etsy.com,Male
Morgun Marmyon,mmarmyonol@1688.com,Male
Penrod Manuelli,pmanuelliom@quantcast.com,Male
Orland Norkett,onorketton@hao123.com,Male
Loralie Beri,lberioo@edublogs.org,Female
Maynord Szantho,mszanthoop@berkeley.edu,Male
Giles Sapshed,gsapshedoq@foxnews.com,Male
Danyelle Moxson,dmoxsonor@nyu.edu,Female
Eward Kinworthy,ekinworthyos@narod.ru,Male
Aurie Marwood,amarwoodot@eepurl.com,Female
Daren McAloren,dmcalorenou@usnews.com,Male
Kaspar Petkens,kpetkensov@ifeng.com,Male
Nathanael Danilchik,ndanilchikow@cbsnews.com,Male
Jackie Grieg,jgriegox@ed.gov,Male
Carrol Job,cjoboy@infoseek.co.jp,Male
Joachim Casajuana,jcasajuanaoz@businessweek.com,Male
Rabbi Studdal,rstuddalp0@gnu.org,Male
Helga Diggins,hdigginsp1@example.com,Female
Gennie Bassano,gbassanop2@time.com,Female
Liuka Binney,lbinneyp3@chronoengine.com,Female
Lizzie Saunton,lsauntonp4@chron.com,Female
Hasheem MacAllister,hmacallisterp5@webs.com,Male
Shell Moizer,smoizerp6@smh.com.au,Male
Sidney Orgel,sorgelp7@infoseek.co.jp,Male
Morton McBay,mmcbayp8@msu.edu,Male
Gillan McKechnie,gmckechniep9@g.co,Female
Carla Gore,cgorepa@xrea.com,Female
Aeriel Vanyashin,avanyashinpb@google.cn,Female
Ives Hannay,ihannaypc@issuu.com,Male
Nicoline Fellon,nfellonpd@sbwire.com,Female
Leora Pontin,lpontinpe@wordpress.com,Female
Mart Garroway,mgarrowaypf@yale.edu,Male
Chicky Upex,cupexpg@histats.com,Male
Althea Mothersole,amothersoleph@cbsnews.com,Female
Hersch Pantridge,hpantridgepi@vimeo.com,Male
Annmaria Mullins,amullinspj@desdev.cn,Female
Hobart Spence,hspencepk@feedburner.com,Male
Iormina Pinson,ipinsonpl@technorati.com,Female
Florri Richten,frichtenpm@1688.com,Female
Louisette Measures,lmeasurespn@msu.edu,Female
Sharla Proud,sproudpo@wikimedia.org,Female
Inna Sedworth,isedworthpp@wikipedia.org,Female
Ebeneser Curle,ecurlepq@1688.com,Male
Morgun Swannell,mswannellpr@telegraph.co.uk,Male
Dud Urion,durionps@w3.org,Male
Marja Mearns,mmearnspt@dailymail.co.uk,Female
Bill Jessopp,bjessopppu@flickr.com,Male
Kaila Hannon,khannonpv@pbs.org,Female
Franchot Portwaine,fportwainepw@discovery.com,Male
Noelyn Tiffin,ntiffinpx@arstechnica.com,Female
Domini McGragh,dmcgraghpy@1688.com,Female
Corabelle Stathor,cstathorpz@army.mil,Female
Town Merlin,tmerlinq0@adobe.com,Male
Sharleen Ropert,sropertq1@mediafire.com,Female
Karia Camamill,kcamamillq2@lulu.com,Female
Maurise Grebert,mgrebertq3@jalbum.net,Male
Alix Guyer,aguyerq4@mail.ru,Female
Ferdie Epgrave,fepgraveq5@com.com,Male
Ewell Wallman,ewallmanq6@cnet.com,Male
Julietta Hardwell,jhardwellq7@microsoft.com,Female
Sonnnie Narramor,snarramorq8@php.net,Female
Janessa Stoyles,jstoylesq9@constantcontact.com,Female
Cullie Mulholland,cmulhollandqa@opensource.org,Male
Wyatt Liles,wlilesqb@upenn.edu,Male
Webster Touhig,wtouhigqc@upenn.edu,Male
Merrilee Roffey,mroffeyqd@nature.com,Female
Isac Cavendish,icavendishqe@foxnews.com,Male
Kenny Waldron,kwaldronqf@shutterfly.com,Male
Bran Yedall,byedallqg@google.com.hk,Male
Chaunce Chambers,cchambersqh@google.es,Male
Urban Whiterod,uwhiterodqi@amazonaws.com,Male
Yvette Margrie,ymargrieqj@umich.edu,Female
Rosaline Rycroft,rrycroftqk@columbia.edu,Female
Adriena Treacy,atreacyql@squarespace.com,Female
Yalonda Papworth,ypapworthqm@networksolutions.com,Female
Hazel Hadgkiss,hhadgkissqn@tinypic.com,Female
Fredericka Antonsen,fantonsenqo@com.com,Female
Say Stoeckle,sstoeckleqp@pinterest.com,Male
Ashely Nickols,anickolsqq@chronoengine.com,Female
Pearle Sheward,pshewardqr@answers.com,Female
Haley Dandison,hdandisonqs@over-blog.com,Female
Claribel Siggs,csiggsqt@quantcast.com,Female
Rudyard Dunphy,rdunphyqu@opera.com,Male
Donnie Whitticks,dwhitticksqv@pcworld.com,Male
Cacilia Ferreira,cferreiraqw@amazon.com,Female
Honor McCole,hmccoleqx@a8.net,Female
Lloyd Pellissier,lpellissierqy@bluehost.com,Male
Benton Buckberry,bbuckberryqz@e-recht24.de,Male
Raynell Gligori,rgligorir0@mapy.cz,Female
Steffie Gration,sgrationr1@house.gov,Female
Indira Thowes,ithowesr2@eventbrite.com,Female
Shaun Smallpeace,ssmallpeacer3@google.com.au,Male
Valaree Cherrie,vcherrier4@geocities.com,Female
Olympie Broadbear,obroadbearr5@usda.gov,Female
Hamilton Fishpond,hfishpondr6@networkadvertising.org,Male
Lynnelle Common,lcommonr7@xrea.com,Female
Gherardo Maffione,gmaffioner8@mozilla.org,Male
Lorianna Soutter,lsoutterr9@etsy.com,Female
Valaree Kestle,vkestlera@hubpages.com,Female
Opaline Goater,ogoaterrb@webs.com,Female
Kimberley Prevost,kprevostrc@networkadvertising.org,Female
Aldridge Dilks,adilksrd@businesswire.com,Male
Lem Scowcroft,lscowcroftre@fda.gov,Male
Donn Alpine,dalpinerf@cisco.com,Male
Shepperd Alderson,saldersonrg@si.edu,Male
Morgan Sanper,msanperrh@eventbrite.com,Female
Mitzi Ogborn,mogbornri@gmpg.org,Female
Elwira Torpie,etorpierj@nbcnews.com,Female
Vaughn Sebley,vsebleyrk@sfgate.com,Male
Clayson Durban,cdurbanrl@theatlantic.com,Male
Wilden Hairesnape,whairesnaperm@wikia.com,Male
Elmore Van Castele,evancastelern@flavors.me,Male
Chanda Spillett,cspillettro@blog.com,Female
Charlotta Thornhill,cthornhillrp@spotify.com,Female
Benjie Angrick,bangrickrq@wiley.com,Male
Billie Shippey,bshippeyrr@dropbox.com,Male
